-- phpMyAdmin SQL Dump
-- version 5.2.1
-- https://www.phpmyadmin.net/
--
-- Host: 127.0.0.1
-- Generation Time: Jun 23, 2024 at 07:12 AM
-- Server version: 10.4.32-MariaDB
-- PHP Version: 8.1.25

SET SQL_MODE = "NO_AUTO_VALUE_ON_ZERO";
START TRANSACTION;
SET time_zone = "+00:00";


/*!40101 SET @OLD_CHARACTER_SET_CLIENT=@@CHARACTER_SET_CLIENT */;
/*!40101 SET @OLD_CHARACTER_SET_RESULTS=@@CHARACTER_SET_RESULTS */;
/*!40101 SET @OLD_COLLATION_CONNECTION=@@COLLATION_CONNECTION */;
/*!40101 SET NAMES utf8mb4 */;

--
-- Database: `db_imas`
--

-- --------------------------------------------------------

--
-- Table structure for table `tb_absen`
--

CREATE TABLE `tb_absen` (
  `id_absen` int(11) NOT NULL,
  `id_siswa` int(11) NOT NULL,
  `tanggal` date NOT NULL,
  `status_kehadiran` varchar(50) NOT NULL
) ENGINE=InnoDB DEFAULT CHARSET=utf8mb4 COLLATE=utf8mb4_general_ci;

--
-- Dumping data for table `tb_absen`
--

INSERT INTO `tb_absen` (`id_absen`, `id_siswa`, `tanggal`, `status_kehadiran`) VALUES
(1, 1, '2023-06-19', 'Hadir'),
(2, 1, '2023-06-20', 'Hadir'),
(3, 2, '2023-06-19', 'Sakit'),
(4, 2, '2023-06-20', 'Hadir'),
(5, 3, '2023-06-19', 'Izin'),
(6, 2, '2024-06-20', 'Sakit'),
(7, 2, '2024-06-21', 'Hadir'),
(8, 1, '2024-06-21', 'Izin'),
(9, 1, '2024-06-21', 'Alpa'),
(10, 1, '2024-06-21', 'Sakit'),
(11, 1, '2024-06-21', 'Alpa'),
(12, 1, '2024-06-21', 'Hadir');

-- --------------------------------------------------------

--
-- Table structure for table `tb_admin`
--

CREATE TABLE `tb_admin` (
  `id_admin` int(11) NOT NULL,
  `nama_lengkap` varchar(50) NOT NULL,
  `username` varchar(50) NOT NULL,
  `password` varchar(100) NOT NULL,
  `aktif` varchar(5) NOT NULL,
  `foto` varchar(225) NOT NULL
) ENGINE=InnoDB DEFAULT CHARSET=latin1 COLLATE=latin1_swedish_ci;

--
-- Dumping data for table `tb_admin`
--

INSERT INTO `tb_admin` (`id_admin`, `nama_lengkap`, `username`, `password`, `aktif`, `foto`) VALUES
(1, 'Husein', 'admin', '$2y$10$aB/bX62sNuOxSVYUZEXQWOtFv3cvQTSwM7hrN1MzwEBmbrqhLNUBe', 'Y', 'admin.png'),
(2, 'admin', 'admin@email.com', '$2y$10$lIMbrw57wMcGCbe9CNwxQ.aIBQ9scc7vt4U.45amFZejp1WObaOqe', 'Y', ''),
(3, '', 'admin@email.com', 'cbfdac6008f9cab4083784cbd1874f76618d2a97', 'Y', 'admin.png');

-- --------------------------------------------------------

--
-- Table structure for table `tb_guru`
--

CREATE TABLE `tb_guru` (
  `id_guru` int(11) NOT NULL,
  `nip` varchar(15) NOT NULL,
  `nama_guru` varchar(120) NOT NULL,
  `email` varchar(65) NOT NULL,
  `password` varchar(100) NOT NULL,
  `foto` varchar(255) NOT NULL,
  `status` varchar(5) NOT NULL
) ENGINE=InnoDB DEFAULT CHARSET=latin1 COLLATE=latin1_swedish_ci;

--
-- Dumping data for table `tb_guru`
--

INSERT INTO `tb_guru` (`id_guru`, `nip`, `nama_guru`, `email`, `password`, `foto`, `status`) VALUES
(5, '001', 'Fatmawati S.Pd', 'fatmawati@gmail.com', 'e193a01ecf8d30ad0affefd332ce934e32ffce72', 'guru.png', 'Y'),
(6, '002', 'Rahayu S.Pd', 'rahayu@gmail.com', '$2y$10$NtAHg2.CaoxQAulK/.HcI.TfcRmS/F/wOoDkqFDxPLH0JUc7v5T52', '17603.png', 'Y'),
(7, '003', 'Jaka Subadri S.Pd', 'jakasubadri@gmail.com', '221407c03ae5c73109cce71d27e24637824f3333', '355-3553881_stockvader-predicted-adig-user-profile-icon-png-clipart.jpg', 'Y'),
(8, '004', 'Tiwi Sukmawati S.Pd', 'tiwisukmawati@gmail.com', 'c63528a52274a35d1c07bd9e55a83c6eb073de81', '17603.png', 'Y'),
(9, '005', 'Alexander', 'alexander@gmail.com', '$2y$10$3A7y/n9aGyLr5AWngfuLsO2G3bJlOZx41hXMtw0/XAZvIEC9rWLhe', '', 'Y');

-- --------------------------------------------------------

--
-- Table structure for table `tb_izin`
--

CREATE TABLE `tb_izin` (
  `id_izin` int(11) NOT NULL,
  `id_siswa` int(11) NOT NULL,
  `tanggal_izin` date NOT NULL,
  `keterangan` text NOT NULL
) ENGINE=InnoDB DEFAULT CHARSET=utf8 COLLATE=utf8_general_ci;

--
-- Dumping data for table `tb_izin`
--

INSERT INTO `tb_izin` (`id_izin`, `id_siswa`, `tanggal_izin`, `keterangan`) VALUES
(1, 1, '2024-02-02', 'Izin Atit');

-- --------------------------------------------------------

--
-- Table structure for table `tb_kepsek`
--

CREATE TABLE `tb_kepsek` (
  `id_kepsek` int(11) NOT NULL,
  `nip` varchar(15) NOT NULL,
  `nama_kepsek` varchar(120) NOT NULL,
  `email` varchar(65) NOT NULL,
  `password` varchar(100) NOT NULL,
  `foto` varchar(255) NOT NULL,
  `status` varchar(5) NOT NULL,
  `Pass` varchar(255) DEFAULT NULL
) ENGINE=InnoDB DEFAULT CHARSET=utf8mb4 COLLATE=utf8mb4_general_ci;

--
-- Dumping data for table `tb_kepsek`
--

INSERT INTO `tb_kepsek` (`id_kepsek`, `nip`, `nama_kepsek`, `email`, `password`, `foto`, `status`, `Pass`) VALUES
(1, '123456789011', 'Bapak Amirudiin', 'amirudiin@gmail.com', 'e193a01ecf8d30ad0affefd332ce934e32ffce72', 'kepala.png', 'Y', 'e193a01ecf8d30ad0affefd332ce934e32ffce72'),
(2, '002', 'Alexander', 'alexander@gmail.com', '$2y$10$6RXPcljhy7tFtdHCAJEfw.jbNTQOtObXbNXkU26Tw4DEZH/qJQNSe', 'kepala.png', 'Y', NULL),
(3, '003', 'Alexander', 'alexander@gmail.com', '003', 'kepala.png', 'Y', NULL);

-- --------------------------------------------------------

--
-- Table structure for table `tb_master_mapel`
--

CREATE TABLE `tb_master_mapel` (
  `id_mapel` int(11) NOT NULL,
  `kode_mapel` varchar(40) NOT NULL,
  `mapel` varchar(60) NOT NULL
) ENGINE=InnoDB DEFAULT CHARSET=latin1 COLLATE=latin1_swedish_ci;

--
-- Dumping data for table `tb_master_mapel`
--

INSERT INTO `tb_master_mapel` (`id_mapel`, `kode_mapel`, `mapel`) VALUES
(1, 'MP-1561560093', 'Bahasa Indonesia'),
(2, 'MP-1561560129', 'Matematika'),
(3, 'MP-1561871991', 'Biologi'),
(4, 'MP-1561872004', 'Sejarah'),
(5, 'MP-1561872013', 'Teknologi Informasi'),
(6, 'MP-1561872026', 'Seni Budaya'),
(7, 'MP-1561872043', 'Bahasa Inggris'),
(8, 'MP-1615002340', 'Ilmu Pengetahuan Alam');

-- --------------------------------------------------------

--
-- Table structure for table `tb_mengajar`
--

CREATE TABLE `tb_mengajar` (
  `id_mengajar` int(11) NOT NULL,
  `kode_pelajaran` varchar(30) NOT NULL,
  `hari` varchar(40) NOT NULL,
  `jam_mengajar` varchar(60) NOT NULL,
  `jamke` varchar(11) NOT NULL,
  `id_guru` int(11) NOT NULL,
  `id_mapel` int(11) NOT NULL,
  `id_mkelas` int(11) NOT NULL,
  `id_semester` int(11) NOT NULL,
  `id_thajaran` int(11) NOT NULL
) ENGINE=InnoDB DEFAULT CHARSET=latin1 COLLATE=latin1_swedish_ci;

--
-- Dumping data for table `tb_mengajar`
--

INSERT INTO `tb_mengajar` (`id_mengajar`, `kode_pelajaran`, `hari`, `jam_mengajar`, `jamke`, `id_guru`, `id_mapel`, `id_mkelas`, `id_semester`, `id_thajaran`) VALUES
(1, 'MPL-1614670924', 'Senin', '09.00-10.00', '1-2', 1, 1, 1, 1, 2),
(2, 'MPL-1614674537', 'Senin', '09.00-10.00', '1-2', 5, 1, 1, 1, 2),
(4, 'MPL-1615004563', 'Senin', '08.00-09.00', '1', 6, 2, 3, 2, 2),
(5, 'MPL-1616288498', 'Rabu', '09.00-10.00', '2', 8, 7, 1, 2, 2),
(6, 'MPL-1582242668', 'Senin', '08.00-09.00', '1', 5, 1, 1, 4, 8),
(7, 'MPL-1616673172', 'Senin', '08.00-09.00', '1', 5, 1, 5, 4, 8),
(8, 'MPL-1718115735', 'Senin', '12.00-13.00', '2', 8, 2, 6, 4, 8),
(9, 'MPL-1718239622', 'Selasa', '12.00-13.00', '3', 7, 4, 6, 4, 8),
(10, 'MPL-1718329890', 'Kamis', '10.00 - 11.00', '4', 5, 3, 6, 4, 7),
(11, 'MPL-1718452667', 'Rabu', '07-00 - 09.000', '2', 7, 7, 7, 4, 7),
(12, 'MPL-1718931909', 'Senin', '07-00 - 09.000', '4', 7, 4, 6, 4, 7),
(13, 'MPL-1718998347', 'Kamis', '12.00-13.00', '4', 5, 6, 7, 4, 7);

-- --------------------------------------------------------

--
-- Table structure for table `tb_mkelas`
--

CREATE TABLE `tb_mkelas` (
  `id_mkelas` int(11) NOT NULL,
  `kd_kelas` varchar(40) NOT NULL,
  `nama_kelas` varchar(40) NOT NULL
) ENGINE=InnoDB DEFAULT CHARSET=latin1 COLLATE=latin1_swedish_ci;

--
-- Dumping data for table `tb_mkelas`
--

INSERT INTO `tb_mkelas` (`id_mkelas`, `kd_kelas`, `nama_kelas`) VALUES
(5, 'KL-1616673105', 'VII'),
(6, 'KL-1616673114', 'VIII'),
(7, 'KL-1616673120', 'XI');

-- --------------------------------------------------------

--
-- Table structure for table `tb_orangtua`
--

CREATE TABLE `tb_orangtua` (
  `id_orangtua` int(10) NOT NULL,
  `nip` varchar(5) CHARACTER SET latin1 COLLATE latin1_swedish_ci NOT NULL,
  `nama_orangtua` varchar(25) CHARACTER SET latin1 COLLATE latin1_swedish_ci NOT NULL,
  `email` varchar(25) CHARACTER SET latin1 COLLATE latin1_swedish_ci NOT NULL,
  `password` varchar(25) CHARACTER SET latin1 COLLATE latin1_swedish_ci NOT NULL,
  `status` varchar(5) CHARACTER SET latin1 COLLATE latin1_swedish_ci NOT NULL
) ENGINE=InnoDB DEFAULT CHARSET=utf8mb4 COLLATE=utf8mb4_general_ci;

--
-- Dumping data for table `tb_orangtua`
--

INSERT INTO `tb_orangtua` (`id_orangtua`, `nip`, `nama_orangtua`, `email`, `password`, `status`) VALUES
(2019210, '', 'Ibu Rini', 'rini29@gmail..com', 'password123', 'Y');

-- --------------------------------------------------------

--
-- Table structure for table `tb_presensi`
--

CREATE TABLE `tb_presensi` (
  `id` int(11) NOT NULL,
  `id_kelas` int(11) DEFAULT NULL,
  `id_mapel` int(11) DEFAULT NULL,
  `id_siswa` int(11) DEFAULT NULL,
  `tanggal` date DEFAULT NULL,
  `status` enum('hadir','tidak hadir','terlambat','izin') DEFAULT NULL,
  `pertemuan_ke` int(11) DEFAULT NULL
) ENGINE=InnoDB DEFAULT CHARSET=utf8mb4 COLLATE=utf8mb4_general_ci;

-- --------------------------------------------------------

--
-- Table structure for table `tb_semester`
--

CREATE TABLE `tb_semester` (
  `id_semester` int(11) NOT NULL,
  `semester` varchar(45) NOT NULL,
  `status` int(10) NOT NULL
) ENGINE=InnoDB DEFAULT CHARSET=latin1 COLLATE=latin1_swedish_ci;

--
-- Dumping data for table `tb_semester`
--

INSERT INTO `tb_semester` (`id_semester`, `semester`, `status`) VALUES
(4, 'Ganjil', 1),
(5, 'Genap', 1);

-- --------------------------------------------------------

--
-- Table structure for table `tb_siswa`
--

CREATE TABLE `tb_siswa` (
  `id_siswa` int(11) NOT NULL,
  `nis` varchar(60) NOT NULL,
  `nama_siswa` varchar(120) NOT NULL,
  `tempat_lahir` varchar(100) NOT NULL,
  `tgl_lahir` date NOT NULL,
  `jk` varchar(30) NOT NULL,
  `alamat` text NOT NULL,
  `password` varchar(255) NOT NULL,
  `foto` varchar(255) NOT NULL,
  `status` varchar(15) NOT NULL,
  `th_angkatan` year(4) NOT NULL,
  `id_mkelas` int(11) NOT NULL
) ENGINE=InnoDB DEFAULT CHARSET=latin1 COLLATE=latin1_swedish_ci;

--
-- Dumping data for table `tb_siswa`
--

INSERT INTO `tb_siswa` (`id_siswa`, `nis`, `nama_siswa`, `tempat_lahir`, `tgl_lahir`, `jk`, `alamat`, `password`, `foto`, `status`, `th_angkatan`, `id_mkelas`) VALUES
(1, '001', 'Imam Hambali', 'Jakarta', '2020-03-01', 'L', 'Jl. Mawar', 'e193a01ecf8d30ad0affefd332ce934e32ffce72', '355-3553881_stockvader-predicted-adig-user-profile-icon-png-clipart.jpg', 'Y', '2020', 1),
(2, '002', 'Agis Sagita', 'bogor', '2012-06-02', 'P', 'jl. batok tenjo-bogor', '6fc978af728d43c59faa400d5f6e0471ac850d4c', '17603.png', 'Y', '2019', 3),
(3, '004', 'indah nuraeni', 'bogor', '2009-07-01', 'L', 'bogor', 'c63528a52274a35d1c07bd9e55a83c6eb073de81', '17603.png', 'Y', '2019', 1),
(4, '12345', 'Suci', 'TANGERANG', '2002-09-21', 'P', 'Kademangan', '8cb2237d0679ca88db6464eac60da96345513964', 'IMG_20180830_164642_853.jpg', 'Y', '2019', 1),
(5, '008', 'Aulia Fatih Gustiani', 'Bekasi', '2009-02-02', 'P', 'Veteran', '52c24d49be8ef49d19f9983b6c3d1c5892c593db', 'WhatsApp Image 2024-06-19 at 09.58.35_490c622c.jpg', 'Y', '0000', 7),
(6, '31321', 'Lexy', 'Bekasi', '2001-02-22', 'L', 'Veteran', '205d597758ac3247a17d9a91aa64953ab923ef75', 'WhatsApp_Image_2024-06-19_at_09.58.35_490c622c-removebg-preview.png', '1', '2020', 5);

-- --------------------------------------------------------

--
-- Table structure for table `tb_thajaran`
--

CREATE TABLE `tb_thajaran` (
  `id_thajaran` int(11) NOT NULL,
  `tahun_ajaran` varchar(30) NOT NULL,
  `status` int(11) NOT NULL
) ENGINE=InnoDB DEFAULT CHARSET=latin1 COLLATE=latin1_swedish_ci;

--
-- Dumping data for table `tb_thajaran`
--

INSERT INTO `tb_thajaran` (`id_thajaran`, `tahun_ajaran`, `status`) VALUES
(7, '2019/2020', 1),
(8, '2020/2021', 1);

-- --------------------------------------------------------

--
-- Table structure for table `tb_walikelas`
--

CREATE TABLE `tb_walikelas` (
  `id_walikelas` int(11) NOT NULL,
  `id_guru` int(11) NOT NULL,
  `id_mkelas` int(11) NOT NULL
) ENGINE=InnoDB DEFAULT CHARSET=latin1 COLLATE=latin1_swedish_ci;

--
-- Dumping data for table `tb_walikelas`
--

INSERT INTO `tb_walikelas` (`id_walikelas`, `id_guru`, `id_mkelas`) VALUES
(1, 2, 1),
(2, 1, 2),
(3, 5, 3),
(4, 6, 1),
(5, 8, 2),
(6, 6, 5),
(7, 6, 6),
(8, 8, 6),
(9, 8, 7);

-- --------------------------------------------------------

--
-- Table structure for table `_logabsensi`
--

CREATE TABLE `_logabsensi` (
  `id_presensi` int(11) NOT NULL,
  `id_mengajar` int(11) NOT NULL,
  `id_siswa` int(11) NOT NULL,
  `tgl_absen` date NOT NULL,
  `ket` enum('H','I','S','T','A','C') NOT NULL,
  `pertemuan_ke` varchar(30) NOT NULL
) ENGINE=InnoDB DEFAULT CHARSET=latin1 COLLATE=latin1_swedish_ci;

--
-- Dumping data for table `_logabsensi`
--

INSERT INTO `_logabsensi` (`id_presensi`, `id_mengajar`, `id_siswa`, `tgl_absen`, `ket`, `pertemuan_ke`) VALUES
(1, 2, 1, '2021-03-02', '', '1'),
(2, 4, 2, '2021-03-06', 'I', '1'),
(3, 2, 1, '2021-03-21', 'H', '2'),
(4, 2, 3, '2021-03-21', 'H', '3'),
(5, 5, 1, '2021-03-21', 'H', '1'),
(6, 5, 3, '2021-03-21', 'H', '1'),
(7, 2, 1, '2021-03-23', 'H', '4'),
(8, 2, 3, '2021-03-23', 'I', '4'),
(9, 6, 1, '2021-03-23', 'H', '1'),
(10, 6, 3, '2021-03-23', 'H', '1'),
(11, 6, 4, '2021-03-23', 'H', '1'),
(12, 6, 1, '2021-03-25', 'I', '2'),
(13, 6, 3, '2021-03-25', 'I', '2'),
(14, 6, 4, '2021-03-25', 'I', '2'),
(15, 13, 5, '2024-06-21', 'T', '1'),
(16, 13, 5, '2024-06-26', 'T', '2'),
(17, 13, 5, '2024-06-25', '', '3'),
(18, 13, 5, '2024-06-27', 'T', '4');

--
-- Indexes for dumped tables
--

--
-- Indexes for table `tb_absen`
--
ALTER TABLE `tb_absen`
  ADD PRIMARY KEY (`id_absen`),
  ADD KEY `id_siswa` (`id_siswa`);

--
-- Indexes for table `tb_admin`
--
ALTER TABLE `tb_admin`
  ADD PRIMARY KEY (`id_admin`);

--
-- Indexes for table `tb_guru`
--
ALTER TABLE `tb_guru`
  ADD PRIMARY KEY (`id_guru`);

--
-- Indexes for table `tb_izin`
--
ALTER TABLE `tb_izin`
  ADD PRIMARY KEY (`id_izin`);

--
-- Indexes for table `tb_kepsek`
--
ALTER TABLE `tb_kepsek`
  ADD PRIMARY KEY (`id_kepsek`);

--
-- Indexes for table `tb_master_mapel`
--
ALTER TABLE `tb_master_mapel`
  ADD PRIMARY KEY (`id_mapel`);

--
-- Indexes for table `tb_mengajar`
--
ALTER TABLE `tb_mengajar`
  ADD PRIMARY KEY (`id_mengajar`),
  ADD KEY `id_mapel` (`id_mapel`),
  ADD KEY `id_guru` (`id_guru`);

--
-- Indexes for table `tb_mkelas`
--
ALTER TABLE `tb_mkelas`
  ADD PRIMARY KEY (`id_mkelas`);

--
-- Indexes for table `tb_orangtua`
--
ALTER TABLE `tb_orangtua`
  ADD PRIMARY KEY (`id_orangtua`);

--
-- Indexes for table `tb_presensi`
--
ALTER TABLE `tb_presensi`
  ADD PRIMARY KEY (`id`);

--
-- Indexes for table `tb_semester`
--
ALTER TABLE `tb_semester`
  ADD PRIMARY KEY (`id_semester`);

--
-- Indexes for table `tb_siswa`
--
ALTER TABLE `tb_siswa`
  ADD PRIMARY KEY (`id_siswa`);

--
-- Indexes for table `tb_thajaran`
--
ALTER TABLE `tb_thajaran`
  ADD PRIMARY KEY (`id_thajaran`);

--
-- Indexes for table `tb_walikelas`
--
ALTER TABLE `tb_walikelas`
  ADD PRIMARY KEY (`id_walikelas`),
  ADD KEY `id_guru` (`id_guru`);

--
-- Indexes for table `_logabsensi`
--
ALTER TABLE `_logabsensi`
  ADD PRIMARY KEY (`id_presensi`);

--
-- AUTO_INCREMENT for dumped tables
--

--
-- AUTO_INCREMENT for table `tb_absen`
--
ALTER TABLE `tb_absen`
  MODIFY `id_absen` int(11) NOT NULL AUTO_INCREMENT, AUTO_INCREMENT=13;

--
-- AUTO_INCREMENT for table `tb_admin`
--
ALTER TABLE `tb_admin`
  MODIFY `id_admin` int(11) NOT NULL AUTO_INCREMENT, AUTO_INCREMENT=4;

--
-- AUTO_INCREMENT for table `tb_guru`
--
ALTER TABLE `tb_guru`
  MODIFY `id_guru` int(11) NOT NULL AUTO_INCREMENT, AUTO_INCREMENT=28193;

--
-- AUTO_INCREMENT for table `tb_izin`
--
ALTER TABLE `tb_izin`
  MODIFY `id_izin` int(11) NOT NULL AUTO_INCREMENT, AUTO_INCREMENT=2;

--
-- AUTO_INCREMENT for table `tb_kepsek`
--
ALTER TABLE `tb_kepsek`
  MODIFY `id_kepsek` int(11) NOT NULL AUTO_INCREMENT, AUTO_INCREMENT=4;

--
-- AUTO_INCREMENT for table `tb_master_mapel`
--
ALTER TABLE `tb_master_mapel`
  MODIFY `id_mapel` int(11) NOT NULL AUTO_INCREMENT, AUTO_INCREMENT=9;

--
-- AUTO_INCREMENT for table `tb_mengajar`
--
ALTER TABLE `tb_mengajar`
  MODIFY `id_mengajar` int(11) NOT NULL AUTO_INCREMENT, AUTO_INCREMENT=14;

--
-- AUTO_INCREMENT for table `tb_mkelas`
--
ALTER TABLE `tb_mkelas`
  MODIFY `id_mkelas` int(11) NOT NULL AUTO_INCREMENT, AUTO_INCREMENT=8;

--
-- AUTO_INCREMENT for table `tb_presensi`
--
ALTER TABLE `tb_presensi`
  MODIFY `id` int(11) NOT NULL AUTO_INCREMENT;

--
-- AUTO_INCREMENT for table `tb_semester`
--
ALTER TABLE `tb_semester`
  MODIFY `id_semester` int(11) NOT NULL AUTO_INCREMENT, AUTO_INCREMENT=6;

--
-- AUTO_INCREMENT for table `tb_siswa`
--
ALTER TABLE `tb_siswa`
  MODIFY `id_siswa` int(11) NOT NULL AUTO_INCREMENT, AUTO_INCREMENT=7;

--
-- AUTO_INCREMENT for table `tb_thajaran`
--
ALTER TABLE `tb_thajaran`
  MODIFY `id_thajaran` int(11) NOT NULL AUTO_INCREMENT, AUTO_INCREMENT=9;

--
-- AUTO_INCREMENT for table `tb_walikelas`
--
ALTER TABLE `tb_walikelas`
  MODIFY `id_walikelas` int(11) NOT NULL AUTO_INCREMENT, AUTO_INCREMENT=10;

--
-- AUTO_INCREMENT for table `_logabsensi`
--
ALTER TABLE `_logabsensi`
  MODIFY `id_presensi` int(11) NOT NULL AUTO_INCREMENT, AUTO_INCREMENT=19;

--
-- Constraints for dumped tables
--

--
-- Constraints for table `tb_absen`
--
ALTER TABLE `tb_absen`
  ADD CONSTRAINT `tb_absen_ibfk_1` FOREIGN KEY (`id_siswa`) REFERENCES `tb_siswa` (`id_siswa`);
COMMIT;

/*!40101 SET CHARACTER_SET_CLIENT=@OLD_CHARACTER_SET_CLIENT */;
/*!40101 SET CHARACTER_SET_RESULTS=@OLD_CHARACTER_SET_RESULTS */;
/*!40101 SET COLLATION_CONNECTION=@OLD_COLLATION_CONNECTION */;
